file,real_seconds,user_seconds,sys_seconds,cpu_seconds
Azure_autorest__codeql.yml,0.41,0.58,0.01,0.59
Azure_autorest__consitency-checks.yml,0.22,0.36,0.02,0.38
Azure_autorest__prepare-auto-release-branch.yml,0.21,0.38,0.01,0.39
Azure_azure-powershell__issue-metrics.yml,0.2,0.37,0.02,0.39
Azure_azure-powershell__issue-sentinel.yml,0.21,0.36,0.02,0.38
Azure_azure-powershell__pr-labeled.yml,0.21,0.39,0.0,0.39
Azure_azure-quickstart-templates__auto-fix.yml,0.21,0.37,0.01,0.38
Azure_azure-rest-api-specs__SDK-Suppressions-Label.yaml,0.23,0.32,0.06,0.38
Azure_azure-rest-api-specs___reusable-eng-tools-test.yaml,0.24,0.39,0.02,0.41
Azure_azure-rest-api-specs___reusable-set-check-status.yaml,0.21,0.36,0.04,0.4
Azure_azure-rest-api-specs__arm-auto-signoff-code.yaml,0.21,0.33,0.05,0.38
Azure_azure-rest-api-specs__arm-auto-signoff-status.yaml,0.24,0.41,0.01,0.42
Azure_azure-rest-api-specs__avocado-code.yaml,0.21,0.36,0.02,0.38
Azure_azure-rest-api-specs__avocado-status.yaml,0.21,0.36,0.02,0.38
Azure_azure-rest-api-specs__breaking-change-add-label-artifacts.yaml,0.22,0.4,0.02,0.42
Azure_azure-rest-api-specs__breaking-change-code.yaml,0.21,0.36,0.03,0.39
Azure_azure-rest-api-specs__breaking-change-cross-version-code.yaml,0.21,0.3,0.06,0.36
Azure_azure-rest-api-specs__breaking-change-cross-version-status.yaml,0.23,0.41,0.02,0.43
Azure_azure-rest-api-specs__breaking-change-status.yaml,0.21,0.34,0.04,0.38
Azure_azure-rest-api-specs__codeql.yaml,0.22,0.39,0.02,0.41
Azure_azure-rest-api-specs__copilot-setup-steps.yaml,0.22,0.38,0.03,0.41
Azure_azure-rest-api-specs__github-test.yaml,0.22,0.39,0.01,0.4
Azure_azure-rest-api-specs__lintdiff-code.yaml,0.23,0.34,0.09,0.43
Azure_azure-rest-api-specs__lintdiff-status.yaml,0.23,0.36,0.04,0.4
Azure_azure-rest-api-specs__lintdiff-test.yaml,0.22,0.37,0.02,0.39
Azure_azure-rest-api-specs__oav-runner-tests.yaml,0.25,0.31,0.12,0.43
Azure_azure-rest-api-specs__openapi-diff-runner-test.yaml,0.23,0.4,0.01,0.41
Azure_azure-rest-api-specs__post-apiview.yaml,0.21,0.35,0.03,0.38
Azure_azure-rest-api-specs__protected-files.yaml,0.21,0.33,0.05,0.38
Azure_azure-rest-api-specs__sdk-breaking-change-labels.yaml,0.22,0.37,0.03,0.4
Azure_azure-rest-api-specs__sdk-suppressions-test.yaml,0.21,0.32,0.06,0.38
Azure_azure-rest-api-specs__spec-gen-sdk-runner-test.yaml,0.21,0.38,0.01,0.39
Azure_azure-rest-api-specs__spec-gen-sdk-status.yaml,0.23,0.41,0.01,0.42
Azure_azure-rest-api-specs__spelling-all.yaml,0.22,0.38,0.01,0.39
Azure_azure-rest-api-specs__spelling.yaml,0.22,0.38,0.02,0.4
Azure_azure-rest-api-specs__summarize-checks.yaml,0.25,0.42,0.01,0.43
Azure_azure-rest-api-specs__summarize-impact-test.yaml,0.24,0.35,0.05,0.4
Azure_azure-rest-api-specs__summarize-impact.yaml,0.23,0.38,0.04,0.42
Azure_azure-rest-api-specs__suppressions-test.yaml,0.23,0.4,0.01,0.41
Azure_azure-rest-api-specs__swagger-modelvalidation-code.yaml,0.25,0.42,0.03,0.45
Azure_azure-rest-api-specs__swagger-modelvalidation-status.yaml,0.21,0.37,0.0,0.37
Azure_azure-rest-api-specs__swagger-semanticvalidation-code.yaml,0.22,0.39,0.01,0.4
Azure_azure-rest-api-specs__swagger-semanticvalidation-status.yaml,0.22,0.36,0.02,0.38
Azure_azure-rest-api-specs__tsp-client-test.yaml,0.22,0.38,0.01,0.39
Azure_azure-rest-api-specs__typespec-migration-validation.yaml,0.23,0.41,0.0,0.41
Azure_azure-rest-api-specs__typespec-requirement-test.yaml,0.21,0.32,0.05,0.37
Azure_azure-rest-api-specs__typespec-requirement.yaml,0.22,0.29,0.1,0.39
Azure_azure-rest-api-specs__typespec-validation-all.yaml,0.23,0.36,0.06,0.42
Azure_azure-rest-api-specs__typespec-validation-test.yaml,0.21,0.38,0.01,0.39
Azure_azure-rest-api-specs__typespec-validation.yaml,0.22,0.39,0.02,0.41
Azure_azure-rest-api-specs__update-labels.yaml,0.22,0.38,0.03,0.41
Azure_azure-sdk-for-java__copilot-setup-steps.yml,0.22,0.35,0.05,0.4
Azure_azure-sdk-for-java__event-processor.yml,0.21,0.37,0.0,0.37
Azure_azure-sdk-for-java__event.yml,0.26,0.4,0.07,0.47
Azure_azure-sdk-for-java__post-apiview.yml,0.22,0.37,0.01,0.38
Azure_azure-sdk-for-java__scheduled-event-processor.yml,0.22,0.37,0.02,0.39
Azure_azure-sdk-for-net__copilot-setup-steps.yml,0.21,0.38,0.01,0.39
Azure_azure-sdk-for-net__event-processor.yml,0.22,0.39,0.02,0.41
Azure_azure-sdk-for-net__event.yml,0.21,0.33,0.04,0.37
Azure_azure-sdk-for-net__post-apiview.yml,0.21,0.36,0.03,0.39
Azure_azure-sdk-for-net__scheduled-event-processor.yml,0.21,0.37,0.02,0.39
Azure_azure-sdk-for-python__azure-sdk-tools.yml,0.21,0.35,0.03,0.38
Azure_azure-sdk-for-python__copilot-setup-steps.yml,0.21,0.38,0.0,0.38
Azure_azure-sdk-for-python__dependency-checker.yml,0.23,0.42,0.01,0.43
Azure_azure-sdk-for-python__event-processor.yml,0.21,0.39,0.01,0.4
Azure_azure-sdk-for-python__event.yml,0.21,0.36,0.01,0.37
Azure_azure-sdk-for-python__post-apiview.yml,0.21,0.38,0.02,0.4
Azure_azure-sdk-for-python__scheduled-event-processor.yml,0.24,0.39,0.03,0.42
IBM_sarama__apidiff.yml,0.22,0.35,0.05,0.4
IBM_sarama__cache-cleanup.yml,0.21,0.36,0.04,0.4
IBM_sarama__ci.yml,0.23,0.38,0.03,0.41
IBM_sarama__codeql-analysis.yml,0.21,0.33,0.04,0.37
IBM_sarama__dependency-review.yml,0.23,0.39,0.04,0.43
IBM_sarama__fuzz.yml,0.21,0.35,0.05,0.4
IBM_sarama__fvt-main.yml,0.21,0.36,0.01,0.37
IBM_sarama__fvt-pr.yml,0.21,0.37,0.01,0.38
IBM_sarama__fvt.yml,0.21,0.36,0.03,0.39
IBM_sarama__i386.yml,0.21,0.37,0.02,0.39
IBM_sarama__renovate-config.yml,0.21,0.37,0.01,0.38
IBM_sarama__scorecard.yml,0.21,0.36,0.02,0.38
IBM_sarama__stale.yml,0.21,0.36,0.02,0.38
NVIDIA_cutlass__auto-label-issues.yml,0.26,0.39,0.04,0.43
NVIDIA_cutlass__blossom-ci.yml,0.21,0.36,0.03,0.39
NVIDIA_cutlass__labeler.yml,0.27,0.38,0.07,0.45
NVIDIA_cutlass__new-issues-to-triage-projects.yml,0.26,0.39,0.06,0.45
NVIDIA_cutlass__stale.yml,0.28,0.4,0.09,0.49
NVIDIA_k8s-device-plugin__basic-checks.yaml,0.24,0.39,0.04,0.43
NVIDIA_k8s-device-plugin__cherrypick.yml,0.24,0.38,0.03,0.41
NVIDIA_k8s-device-plugin__ci.yaml,0.27,0.42,0.05,0.47
NVIDIA_k8s-device-plugin__code_scanning.yaml,0.24,0.4,0.01,0.41
NVIDIA_k8s-device-plugin__deploy-to-pages.yaml,0.26,0.39,0.04,0.43
NVIDIA_k8s-device-plugin__e2e.yaml,0.21,0.38,0.0,0.38
NVIDIA_k8s-device-plugin__golang.yaml,-1.48,0.41,0.05,0.46
NVIDIA_k8s-device-plugin__helm.yaml,0.25,0.37,0.06,0.43
NVIDIA_k8s-device-plugin__image.yaml,0.28,0.43,0.02,0.45
NVIDIA_k8s-device-plugin__publish-helm.yaml,0.22,0.35,0.06,0.41
NVIDIA_k8s-device-plugin__release.yaml,0.25,0.42,0.01,0.43
NVIDIA_k8s-device-plugin__stale.yaml,0.28,0.42,0.07,0.49
NVIDIA_k8s-device-plugin__variables.yaml,0.22,0.33,0.07,0.4
Tencent_Hippy__3rd_prebuilt_sqlite.yml,0.22,0.4,0.0,0.4
Tencent_Hippy__3rd_prebuilt_v8.yml,0.28,0.44,0.03,0.47
Tencent_Hippy__android_build_tests.yml,0.21,0.31,0.06,0.37
Tencent_Hippy__android_build_tests_bypass.yml,0.23,0.37,0.03,0.4
Tencent_Hippy__docker_build_image.yml,0.22,0.38,0.01,0.39
Tencent_Hippy__docs_markdown_lint.yml,0.22,0.36,0.03,0.39
Tencent_Hippy__docs_markdown_lint_bypass.yml,0.21,0.36,0.03,0.39
Tencent_Hippy__frontend_build_tests.yml,0.26,0.42,0.03,0.45
Tencent_Hippy__frontend_build_tests_bypass.yml,0.22,0.39,0.01,0.4
Tencent_Hippy__gh_action_approve_checks.yml,0.22,0.37,0.04,0.41
Tencent_Hippy__gh_action_merge.yml,0.21,0.35,0.03,0.38
Tencent_Hippy__gh_issue_crash_report.yml,0.21,0.36,0.03,0.39
Tencent_Hippy__gh_licence_checks.yml,0.22,0.38,0.01,0.39
Tencent_Hippy__gh_licence_checks_bypass.yml,0.22,0.38,0.01,0.39
Tencent_Hippy__gh_mark_and_close_stalled.yml,0.22,0.38,0.0,0.38
Tencent_Hippy__gh_pr_auto_merger.yml,0.22,0.35,0.05,0.4
Tencent_Hippy__gh_pr_auto_updater.yml,0.24,0.39,0.02,0.41
Tencent_Hippy__gh_pr_checks_approval.yml,0.21,0.37,0.02,0.39
Tencent_Hippy__gh_pr_guide.yml,0.21,0.38,0.02,0.4
Tencent_Hippy__gh_pr_labeler.yml,0.21,0.37,0.02,0.39
Tencent_Hippy__gh_pr_merge_guard.yml,0.21,0.36,0.02,0.38
Tencent_Hippy__gh_pr_review.yml,0.25,0.41,0.01,0.42
Tencent_Hippy__gh_pr_review_notification.yml,0.21,0.29,0.1,0.39
Tencent_Hippy__gh_runners_monitor.yml,0.21,0.38,0.0,0.38
Tencent_Hippy__gh_webhook_retrier.yml,0.22,0.36,0.03,0.39
Tencent_Hippy__git_commit_lint.yml,0.22,0.4,0.02,0.42
Tencent_Hippy__hip_archive_artifact.yml,0.23,0.37,0.03,0.4
Tencent_Hippy__hip_info_artifacts.yml,0.21,0.39,0.01,0.4
Tencent_Hippy__ios_build_tests.yml,0.21,0.39,0.01,0.4
Tencent_Hippy__ios_build_tests_bypass.yml,0.22,0.36,0.04,0.4
Tencent_Hippy__project_artifact_compare.yml,0.22,0.4,0.01,0.41
Tencent_Hippy__project_artifact_release.yml,0.21,0.38,0.02,0.4
Tencent_Hippy__project_artifact_snapshot.yml,0.23,0.39,0.02,0.41
Tencent_Hippy__project_dependency_review.yml,0.22,0.34,0.07,0.41
Tencent_Hippy__reuse_approve_checks_run.yml,0.22,0.37,0.02,0.39
Tencent_Hippy__reuse_classify_commits.yml,0.27,0.41,0.06,0.47
Tencent_Hippy__reuse_get_workflow_output.yml,0.21,0.36,0.03,0.39
Tencent_Hippy__security_codeql_analyses.yml,0.21,0.32,0.07,0.39
Tencent_Hippy__voltron_build_tests.yml,0.21,0.37,0.01,0.38
Tencent_Hippy__voltron_build_tests_bypass.yml,0.2,0.36,0.01,0.37
Tencent_Shadow__check-build-test.yml,0.21,0.36,0.03,0.39
Tencent_Shadow__release.yml,0.22,0.37,0.02,0.39
Tencent_ncnn__android.yml,0.22,0.43,0.0,0.43
Tencent_ncnn__code-format-msg.yml,0.22,0.38,0.03,0.41
Tencent_ncnn__code-format.yml,0.24,0.36,0.05,0.41
Tencent_ncnn__codeql-analysis.yml,0.21,0.34,0.05,0.39
Tencent_ncnn__compare-binary-size-pr-comment.yml,0.21,0.36,0.03,0.39
Tencent_ncnn__compare-binary-size.yml,0.21,0.36,0.02,0.38
Tencent_ncnn__elf-riscv32.yml,0.21,0.38,0.02,0.4
Tencent_ncnn__elf-riscv64.yml,0.24,0.38,0.05,0.43
Tencent_ncnn__esp32.yml,0.22,0.36,0.02,0.38
Tencent_ncnn__harmonyos.yml,0.21,0.36,0.05,0.41
Tencent_ncnn__ios.yml,0.21,0.34,0.06,0.4
Tencent_ncnn__labeler.yml,0.24,0.38,0.03,0.41
Tencent_ncnn__linux-aarch64.yml,0.22,0.4,0.01,0.41
Tencent_ncnn__linux-arm.yml,0.21,0.36,0.02,0.38
Tencent_ncnn__linux-loongarch64.yml,0.21,0.35,0.02,0.37
Tencent_ncnn__linux-mips.yml,0.21,0.34,0.03,0.37
Tencent_ncnn__linux-mips64.yml,0.22,0.33,0.07,0.4
Tencent_ncnn__linux-ppc64.yml,0.2,0.35,0.02,0.37
Tencent_ncnn__linux-riscv32.yml,0.22,0.4,0.0,0.4
Tencent_ncnn__linux-riscv64.yml,0.22,0.36,0.02,0.38
Tencent_ncnn__linux-x64-cpu-clang.yml,0.22,0.33,0.06,0.39
Tencent_ncnn__linux-x64-cpu-gcc-musl.yml,0.27,0.38,0.09,0.47
Tencent_ncnn__linux-x64-cpu-gcc.yml,0.22,0.4,0.0,0.4
Tencent_ncnn__linux-x64-gpu-clang.yml,0.22,0.34,0.04,0.38
Tencent_ncnn__linux-x64-gpu-gcc.yml,0.21,0.34,0.04,0.38
Tencent_ncnn__linux-x64-sde.yml,0.22,0.35,0.05,0.4
Tencent_ncnn__linux-x86-cpu-clang.yml,0.21,0.29,0.09,0.38
Tencent_ncnn__linux-x86-cpu-gcc.yml,0.21,0.39,0.01,0.4
Tencent_ncnn__mac-catalyst.yml,0.21,0.39,0.0,0.39
Tencent_ncnn__macos.yml,0.21,0.35,0.05,0.4
Tencent_ncnn__pnnx.yml,0.23,0.32,0.07,0.39
Tencent_ncnn__python.yml,0.21,0.35,0.05,0.4
Tencent_ncnn__release-python.yml,0.21,0.39,0.02,0.41
Tencent_ncnn__release.yml,0.21,0.34,0.05,0.39
Tencent_ncnn__sync-wiki.yml,0.21,0.32,0.08,0.4
Tencent_ncnn__test-coverage.yml,0.24,0.35,0.06,0.41
Tencent_ncnn__tvos.yml,0.21,0.33,0.05,0.38
Tencent_ncnn__visionos.yml,0.21,0.38,0.01,0.39
Tencent_ncnn__watchos.yml,0.22,0.37,0.02,0.39
Tencent_ncnn__web-assembly.yml,0.24,0.38,0.04,0.42
Tencent_ncnn__windows-arm.yml,0.22,0.36,0.03,0.39
Tencent_ncnn__windows-clang.yml,0.21,0.36,0.0,0.36
Tencent_ncnn__windows-mingw.yml,0.22,0.4,0.01,0.41
Tencent_ncnn__windows-xp.yml,0.21,0.37,0.03,0.4
Tencent_ncnn__windows.yml,0.21,0.36,0.02,0.38
Tencent_xLua__build.yml,0.22,0.41,0.0,0.41
Tencent_xLua__publish.yml,0.21,0.34,0.03,0.37
apple_foundationdb__windows-boost-test.yml,0.22,0.34,0.07,0.41
apple_password-manager-resources__lint.yml,0.24,0.37,0.04,0.41
apple_swift-algorithms__pull_request.yml,0.25,0.38,0.05,0.43
apple_swift-argument-parser__pull_request.yml,0.21,0.35,0.03,0.38
apple_swift-collections__pull_request.yml,0.22,0.36,0.04,0.4
apple_swift-log__main.yml,0.22,0.33,0.06,0.39
apple_swift-log__pull_request.yml,0.21,0.37,0.02,0.39
apple_swift-log__pull_request_label.yml,0.22,0.38,0.01,0.39
apple_swift-nio__android_swift_sdk.yml,0.21,0.38,0.0,0.38
apple_swift-nio__benchmarks.yml,0.22,0.35,0.03,0.38
apple_swift-nio__cmake_tests.yml,0.23,0.36,0.04,0.4
apple_swift-nio__cxx_interop.yml,0.22,0.39,0.0,0.39
apple_swift-nio__macos_benchmarks.yml,0.22,0.36,0.04,0.4
apple_swift-nio__macos_tests.yml,0.21,0.32,0.05,0.37
apple_swift-nio__main.yml,0.21,0.35,0.03,0.38
apple_swift-nio__pull_request.yml,0.23,0.39,0.02,0.41
apple_swift-nio__pull_request_label.yml,0.25,0.37,0.05,0.42
apple_swift-nio__release_builds.yml,0.21,0.38,0.0,0.38
apple_swift-nio__static_sdk.yml,0.22,0.41,0.01,0.42
apple_swift-nio__swift_6_language_mode.yml,0.22,0.37,0.04,0.41
apple_swift-nio__swift_load_test_matrix.yml,0.23,0.39,0.01,0.4
apple_swift-nio__swift_matrix.yml,0.22,0.36,0.03,0.39
apple_swift-nio__swift_test_matrix.yml,0.22,0.38,0.02,0.4
apple_swift-nio__unit_tests.yml,0.24,0.35,0.05,0.4
apple_swift-nio__wasm_swift_sdk.yml,0.26,0.41,0.06,0.47
apple_swift-protobuf__build.yml,0.26,0.39,0.05,0.44
apple_swift-protobuf__check_upstream_protos.yml,0.28,0.4,0.05,0.45
apple_swift-protobuf__head_conformance.yml,0.25,0.38,0.03,0.41
apple_swift-protobuf__pull_request_label.yml,0.25,0.36,0.05,0.41
apple_swift-protobuf__update_protobuf.yml,0.26,0.41,0.02,0.43
aws_amazon-ecs-agent__gitsecrets.yml,0.22,0.34,0.04,0.38
aws_amazon-ecs-agent__gomod.yml,0.27,0.41,0.04,0.45
aws_amazon-ecs-agent__linux.yml,0.27,0.43,0.03,0.46
aws_amazon-ecs-agent__static.yml,0.25,0.37,0.05,0.42
aws_amazon-ecs-agent__windows.yml,0.23,0.37,0.02,0.39
aws_amazon-vpc-cni-k8s__deps.yml,0.27,0.44,0.02,0.46
aws_amazon-vpc-cni-k8s__generate-limits.yaml,0.23,0.37,0.04,0.41
aws_amazon-vpc-cni-k8s__integration-tests.yaml,0.21,0.37,0.01,0.38
aws_amazon-vpc-cni-k8s__issue-closed-message.yaml,0.28,0.44,0.04,0.48
aws_amazon-vpc-cni-k8s__issue-stale-pr.yaml,0.21,0.34,0.05,0.39
aws_amazon-vpc-cni-k8s__kops-test.yaml,0.22,0.35,0.06,0.41
aws_amazon-vpc-cni-k8s__nightly-cron-tests.yaml,0.22,0.36,0.03,0.39
aws_amazon-vpc-cni-k8s__pr-automated-tests.yaml,-1.43,0.44,0.05,0.49
aws_amazon-vpc-cni-k8s__pr-manual-tests.yaml,0.27,0.4,0.06,0.46
aws_amazon-vpc-cni-k8s__release.yaml,0.25,0.38,0.04,0.42
aws_amazon-vpc-cni-k8s__soak-tests.yml,0.21,0.35,0.01,0.36
aws_amazon-vpc-cni-k8s__weekly-cron-tests.yaml,0.22,0.37,0.01,0.38
aws_aws-cdk__analytics-metadata-updater.yml,0.21,0.32,0.06,0.38
aws_aws-cdk__auto-approve.yml,0.21,0.37,0.0,0.37
aws_aws-cdk__check-lfs.yml,0.21,0.38,0.01,0.39
aws_aws-cdk__close-stale-issues.yml,0.22,0.36,0.04,0.4
aws_aws-cdk__close-stale-prs.yml,0.21,0.36,0.02,0.38
aws_aws-cdk__codebuild-pr-build.yml,0.22,0.38,0.03,0.41
aws_aws-cdk__codecov-collect.yml,0.22,0.33,0.08,0.41
aws_aws-cdk__codecov-upload.yml,0.23,0.42,0.01,0.43
aws_aws-cdk__codeql.yml,0.24,0.37,0.05,0.42
aws_aws-cdk__enum-auto-updater.yml,0.22,0.36,0.03,0.39
aws_aws-cdk__enum-static-mapping-updater.yml,0.22,0.35,0.07,0.42
aws_aws-cdk__github-merit-badger.yml,0.22,0.34,0.05,0.39
aws_aws-cdk__handle-stale-discussions.yml,0.22,0.37,0.02,0.39
aws_aws-cdk__integration-test-deployment-auto.yml,0.21,0.35,0.03,0.38
aws_aws-cdk__integration-test-deployment.yml,0.22,0.37,0.02,0.39
aws_aws-cdk__issue-label-assign.yml,0.21,0.33,0.05,0.38
aws_aws-cdk__issue-regression-labeler.yml,0.24,0.41,0.01,0.42
aws_aws-cdk__issue-reprioritization.yml,0.22,0.34,0.06,0.4
aws_aws-cdk__issue-sync.yml,0.22,0.38,0.0,0.38
aws_aws-cdk__lambda-runtime-tests.yml,0.22,0.29,0.1,0.39
aws_aws-cdk__lock-issue-pr-with-message.yml,0.21,0.35,0.03,0.38
aws_aws-cdk__pr-build.yml,0.21,0.36,0.02,0.38
aws_aws-cdk__pr-labeler.yml,0.23,0.39,0.01,0.4
aws_aws-cdk__pr-linter-exemption-labeler.yml,0.21,0.36,0.04,0.4
aws_aws-cdk__pr-linter-review-trigger.yml,0.21,0.36,0.02,0.38
aws_aws-cdk__pr-linter.yml,0.24,0.4,0.02,0.42
aws_aws-cdk__project-prioritization-added-on.yml,0.22,0.4,0.0,0.4
aws_aws-cdk__project-prioritization-assignment.yml,0.21,0.32,0.06,0.38
aws_aws-cdk__project-prioritization-bug.yml,0.22,0.37,0.02,0.39
aws_aws-cdk__project-prioritization-needs-attention.yml,0.21,0.31,0.06,0.37
aws_aws-cdk__project-prioritization-r2-assignment.yml,0.22,0.37,0.02,0.39
aws_aws-cdk__project-prioritization-r5-assignment.yml,0.22,0.37,0.02,0.39
aws_aws-cdk__request-cli-integ-test.yml,0.22,0.37,0.03,0.4
aws_aws-cdk__security-guardian.yml,0.21,0.36,0.02,0.38
aws_aws-cdk__security-report.yml,0.24,0.39,0.02,0.41
aws_aws-cdk__spec-update.yml,0.22,0.39,0.02,0.41
aws_aws-cdk__sync-from-upstream.yml,0.22,0.36,0.02,0.38
aws_aws-cdk__unlock-reopened-issue-pr-with-message.yml,0.22,0.36,0.03,0.39
aws_aws-cdk__update-contributors.yml,0.22,0.38,0.0,0.38
aws_aws-cdk__update-metadata-regions.yml,0.22,0.39,0.01,0.4
aws_aws-cdk__yarn-upgrade-need-manual-work.yml,0.22,0.35,0.04,0.39
aws_aws-cdk__yarn-upgrade.yml,0.21,0.4,0.01,0.41
aws_aws-cli__changelog.yml,0.22,0.35,0.03,0.38
aws_aws-cli__closed-issue-update.yml,0.22,0.36,0.02,0.38
aws_aws-cli__doc-pr-cherry-pick.yml,0.22,0.36,0.04,0.4
aws_aws-cli__fail-master-prs.yml,0.21,0.36,0.03,0.39
aws_aws-cli__handle-stale-discussions.yml,0.21,0.37,0.0,0.37
aws_aws-cli__issue-regression-labeler.yml,0.21,0.37,0.03,0.4
aws_aws-cli__run-bundle-test.yml,0.22,0.36,0.02,0.38
aws_aws-cli__run-dep-tests.yml,0.21,0.34,0.02,0.36
aws_aws-cli__run-tests.yml,0.22,0.36,0.02,0.38
aws_aws-cli__stale_community_prs.yml,0.24,0.43,0.01,0.44
aws_aws-cli__stale_issue.yml,0.21,0.4,0.0,0.4
aws_aws-cli__update-lockfiles.yml,0.23,0.37,0.04,0.41
aws_aws-lambda-go__build-lambda-zip.yml,0.21,0.36,0.02,0.38
aws_aws-lambda-go__codeql-analysis.yml,0.2,0.33,0.02,0.35
aws_aws-lambda-go__lint.yml,0.21,0.37,0.02,0.39
aws_aws-lambda-go__tests.yml,0.21,0.34,0.05,0.39
aws_aws-sam-cli__automated-updates-to-sam-cli.yml,0.22,0.43,0.0,0.43
aws_aws-sam-cli__build.yml,0.22,0.39,0.01,0.4
aws_aws-sam-cli__close-issue-on-release.yml,0.21,0.35,0.03,0.38
aws_aws-sam-cli__close-stale-issues.yml,0.21,0.32,0.05,0.37
aws_aws-sam-cli__closed-issue-message.yml,0.23,0.38,0.02,0.4
aws_aws-sam-cli__codeql.yml,0.22,0.35,0.04,0.39
aws_aws-sam-cli__integration-tests.yml,0.23,0.33,0.06,0.39
aws_aws-sam-cli__notify-slack.yml,0.23,0.39,0.03,0.42
aws_aws-sam-cli__pr-labeler.yml,0.22,0.34,0.04,0.38
aws_aws-sam-cli__update-reproducibles.yml,0.21,0.36,0.01,0.37
aws_aws-sam-cli__validate_pyinstaller.yml,0.22,0.36,0.03,0.39
aws_aws-sdk-cpp__clang-format.yml,0.23,0.37,0.04,0.41
aws_aws-sdk-cpp__closed-issue-message.yml,0.22,0.38,0.01,0.39
aws_aws-sdk-cpp__cspell.yml,0.24,0.36,0.06,0.42
aws_aws-sdk-cpp__handle-stale-discussions.yml,0.21,0.33,0.03,0.36
aws_aws-sdk-cpp__issue-regression-labeler.yml,0.21,0.36,0.02,0.38
aws_aws-sdk-cpp__pull-request-build.yml,0.22,0.37,0.03,0.4
aws_aws-sdk-cpp__stale_issue.yml,0.21,0.33,0.05,0.38
aws_aws-sdk-go-v2__closed-issue-message.yml,0.24,0.4,0.03,0.43
aws_aws-sdk-go-v2__codegen.yml,0.21,0.38,0.01,0.39
aws_aws-sdk-go-v2__go.yml,0.23,0.4,0.01,0.41
aws_aws-sdk-go-v2__handle-stale-discussions.yml,0.23,0.37,0.04,0.41
aws_aws-sdk-go-v2__integration-tests.yml,0.24,0.33,0.11,0.44
aws_aws-sdk-go-v2__issue-regression-labeler.yml,0.21,0.37,0.01,0.38
aws_aws-sdk-go-v2__license-check.yml,0.22,0.3,0.1,0.4
aws_aws-sdk-go-v2__slack.yml,0.21,0.33,0.03,0.36
aws_aws-sdk-go-v2__snapshot.yml,0.21,0.37,0.02,0.39
aws_aws-sdk-go-v2__stale_issue.yml,0.23,0.37,0.04,0.41
aws_aws-sdk-java-v2__api-surface-area-review-verification.yml,0.21,0.35,0.03,0.38
aws_aws-sdk-java-v2__changelog-verification.yml,0.22,0.34,0.07,0.41
aws_aws-sdk-java-v2__closed-issue-message.yml,0.21,0.36,0.02,0.38
aws_aws-sdk-java-v2__codebuild-ci-integration-tests.yml,0.22,0.39,0.01,0.4
aws_aws-sdk-java-v2__codebuild-ci.yml,0.22,0.38,0.02,0.4
aws_aws-sdk-java-v2__codeql.yml,0.21,0.39,0.01,0.4
aws_aws-sdk-java-v2__handle-stale-discussions.yml,0.21,0.35,0.05,0.4
aws_aws-sdk-java-v2__issue-regression-labeler.yml,0.24,0.37,0.04,0.41
aws_aws-sdk-java-v2__lock-conversation-closed-pr.yml,0.22,0.36,0.04,0.4
aws_aws-sdk-java-v2__merge-queue-metric.yml,0.22,0.4,0.01,0.41
aws_aws-sdk-java-v2__mixed-version-compatibility-review.yml,0.21,0.34,0.03,0.37
aws_aws-sdk-java-v2__new-module-verification.yml,0.21,0.38,0.0,0.38
aws_aws-sdk-java-v2__s3-regression-tests.yml,0.22,0.35,0.04,0.39
aws_aws-sdk-java-v2__stale-issue.yml,0.23,0.36,0.04,0.4
aws_aws-sdk-java__closed-issue-message.yml,0.22,0.39,0.02,0.41
aws_aws-sdk-java__issue-regression-labeler.yml,0.22,0.38,0.02,0.4
aws_aws-sdk-java__stale-issue.yml,0.25,0.43,0.03,0.46
aws_aws-sdk-js-v3__closed-issue-message.yml,0.22,0.35,0.03,0.38
aws_aws-sdk-js-v3__codegen-ci.yml,0.22,0.33,0.04,0.37
aws_aws-sdk-js-v3__commit-message-lint.yml,0.21,0.37,0.01,0.38
aws_aws-sdk-js-v3__git-sync.yml,0.24,0.38,0.04,0.42
aws_aws-sdk-js-v3__handle-stale-discussions.yml,0.25,0.38,0.07,0.45
aws_aws-sdk-js-v3__issue-regression-labeler.yml,0.22,0.38,0.02,0.4
aws_aws-sdk-js-v3__lock.yml,0.21,0.33,0.04,0.37
aws_aws-sdk-js-v3__pre-commit-hooks.yml,0.22,0.36,0.02,0.38
aws_aws-sdk-js-v3__pull-request-build.yml,0.21,0.35,0.04,0.39
aws_aws-sdk-js-v3__stale_issues.yml,0.23,0.35,0.07,0.42
aws_aws-sdk-js__git-sync.yml,0.22,0.38,0.01,0.39
aws_aws-sdk-js__handle-stale-discussions.yml,0.22,0.37,0.02,0.39
aws_aws-sdk-js__issue-regression-labeler.yml,0.22,0.38,0.0,0.38
aws_aws-sdk-js__stale_issues.yml,0.21,0.31,0.08,0.39
aws_aws-sdk-php__closed-issue-message.yml,0.24,0.35,0.06,0.41
aws_aws-sdk-php__coverage.yml,0.21,0.36,0.01,0.37
aws_aws-sdk-php__docs-build.yml,0.21,0.35,0.02,0.37
aws_aws-sdk-php__git-secrets-scan.yml,0.22,0.38,0.02,0.4
aws_aws-sdk-php__handle-stale-discussions.yml,0.24,0.41,0.01,0.42
aws_aws-sdk-php__issue-regression-labeler.yml,0.2,0.36,0.03,0.39
aws_aws-sdk-php__model-changes.yml,0.22,0.4,0.01,0.41
aws_aws-sdk-php__stale_issues.yml,0.21,0.33,0.06,0.39
aws_aws-sdk-php__tests-windows.yml,0.21,0.35,0.03,0.38
aws_aws-sdk-php__tests.yml,0.23,0.35,0.05,0.4
aws_aws-sdk-ruby__benchmark.yml,0.21,0.34,0.05,0.39
aws_aws-sdk-ruby__changelog.yml,0.21,0.38,0.03,0.41
aws_aws-sdk-ruby__ci.yml,0.21,0.37,0.0,0.37
aws_aws-sdk-ruby__closed-issue-message.yml,0.21,0.37,0.01,0.38
aws_aws-sdk-ruby__depsreview.yaml,0.21,0.35,0.03,0.38
aws_aws-sdk-ruby__handle-stale-discussions.yml,0.21,0.35,0.02,0.37
aws_aws-sdk-ruby__issue-regression-labeler.yml,0.22,0.38,0.0,0.38
aws_aws-sdk-ruby__pull-request-build.yaml,0.21,0.31,0.06,0.37
aws_aws-sdk-ruby__stale_issues.yml,0.26,0.41,0.02,0.43
aws_chalice__run-tests.yml,0.21,0.36,0.03,0.39
aws_chalice__stale-issue.yml,0.21,0.36,0.0,0.36
aws_jsii__auto-approve.yml,-1.35,0.37,0.04,0.41
aws_jsii__close-stale-issues.yml,0.21,0.32,0.05,0.37
aws_jsii__closed-issue-message.yml,0.21,0.4,0.0,0.4
aws_jsii__gh-pages.yml,0.26,0.43,0.02,0.45
aws_jsii__handle-stale-discussions.yml,0.27,0.39,0.06,0.45
aws_jsii__issue-regression-labeler.yml,0.27,0.41,0.06,0.47
aws_jsii__main.yml,0.23,0.38,0.03,0.41
aws_jsii__pull-request-lint.yml,0.27,0.43,0.03,0.46
aws_jsii__yarn-upgrade.yml,0.21,0.36,0.01,0.37
aws_s2n-tls__boringssl-fork-freshness.yml,0.27,0.4,0.05,0.45
aws_s2n-tls__ci_aws_kms_tls_auth.yml,0.28,0.41,0.03,0.44
aws_s2n-tls__ci_compliance.yml,0.23,0.36,0.05,0.41
aws_s2n-tls__ci_freebsd.yml,0.28,0.41,0.06,0.47
aws_s2n-tls__ci_linting.yml,0.22,0.33,0.06,0.39
aws_s2n-tls__ci_openbsd.yml,0.23,0.35,0.04,0.39
aws_s2n-tls__ci_rust.yml,0.28,0.46,0.03,0.49
aws_s2n-tls__codebuild.yml,0.21,0.37,0.02,0.39
aws_s2n-tls__codeql.yml,0.22,0.37,0.01,0.38
aws_s2n-tls__dashboard.yml,0.22,0.36,0.03,0.39
aws_s2n-tls__dependencies.yml,0.26,0.4,0.06,0.46
aws_s2n-tls__docs.yml,0.22,0.38,0.03,0.41
aws_s2n-tls__gha_osx_tests.yml,0.21,0.29,0.09,0.38
aws_s2n-tls__policy_snapshot.yml,0.23,0.31,0.08,0.39
aws_s2n-tls__private_sync.yml,0.25,0.38,0.04,0.42
aws_s2n-tls__proof_ci.yaml,0.24,0.38,0.05,0.43
aws_s2n-tls__regression_ci.yml,0.21,0.35,0.04,0.39
aws_s2n-tls__seccomp.yml,0.21,0.35,0.02,0.37
aws_s2n-tls__stale.yml,0.21,0.35,0.03,0.38
aws_s2n-tls__team_label.yml,0.22,0.35,0.02,0.37
aws_s2n-tls__usage_guide.yml,0.21,0.36,0.04,0.4
aws_sagemaker-python-sdk__ci-health.yml,0.21,0.37,0.02,0.39
aws_sagemaker-python-sdk__codeql.yml,0.22,0.38,0.03,0.41
aws_sagemaker-python-sdk__pr-checks-master-v2.yml,0.23,0.4,0.01,0.41
aws_sagemaker-python-sdk__pr-checks-master.yml,0.21,0.35,0.03,0.38
aws_sagemaker-python-sdk__security-monitoring.yml,0.22,0.42,0.0,0.42
aws_serverless-application-model__build.yml,0.22,0.37,0.02,0.39
aws_serverless-application-model__check_compatibility.yml,0.23,0.32,0.08,0.4
aws_serverless-application-model__close_issue_message.yml,0.22,0.34,0.04,0.38
aws_serverless-application-model__codeql.yml,0.21,0.33,0.06,0.39
aws_serverless-application-model__schema.yml,0.21,0.36,0.02,0.38
awslabs_amazon-ecr-credential-helper__build.yaml,0.22,0.37,0.04,0.41
awslabs_amazon-ecr-credential-helper__check-links.yml,0.24,0.36,0.04,0.4
awslabs_amazon-ecr-credential-helper__codeql.yml,0.22,0.4,0.01,0.41
awslabs_amazon-ecr-credential-helper__new-pull-requests.yml,0.21,0.33,0.05,0.38
awslabs_amazon-ecr-credential-helper__review-dependencies.yml,0.22,0.36,0.03,0.39
awslabs_git-secrets__test.yml,0.22,0.31,0.08,0.39
cisco_ChezScheme__ci.yml,0.21,0.38,0.0,0.38
cisco_openh264__build.yaml,0.22,0.33,0.07,0.4
facebook_Haxl__haskell-ci.yml,0.23,0.41,0.0,0.41
facebook_facebook-android-sdk__needs-attention.yml,0.21,0.34,0.03,0.37
facebook_facebook-android-sdk__stale.yml,0.25,0.41,0.03,0.44
facebook_facebook-ios-sdk__needs-attention.yml,0.22,0.34,0.06,0.4
facebook_facebook-ios-sdk__stale.yml,0.21,0.37,0.01,0.38
facebook_fbthrift__devcontainer.yml,0.23,0.33,0.09,0.42
facebook_fbthrift__getdeps_linux.yml,0.22,0.35,0.05,0.4
facebook_fbthrift__getdeps_mac.yml,0.22,0.39,0.01,0.4
facebook_fbthrift__getdeps_python_linux.yml,0.22,0.34,0.05,0.39
facebook_fbthrift__getdeps_python_linux_container.yml,0.21,0.36,0.02,0.38
facebook_fbthrift__getdeps_windows.yml,0.23,0.36,0.06,0.42
facebook_flow__build_and_test.yml,0.22,0.36,0.03,0.39
facebook_folly__TagIt.yml,0.22,0.37,0.02,0.39
facebook_folly__devcontainer.yml,0.21,0.37,0.01,0.38
facebook_folly__getdeps_linux.yml,0.22,0.41,0.01,0.42
facebook_folly__getdeps_mac.yml,0.21,0.35,0.04,0.39
facebook_folly__getdeps_shared-libs_linux.yml,0.23,0.39,0.01,0.4
facebook_folly__getdeps_windows.yml,0.21,0.35,0.02,0.37
facebook_folly__oss-build-and-test.yml,0.21,0.34,0.03,0.37
facebook_fresco__build.yml,0.2,0.35,0.03,0.38
facebook_fresco__gradle-wrapper-validation.yml,0.22,0.38,0.03,0.41
facebook_fresco__release.yml,0.23,0.38,0.02,0.4
facebook_hhvm__ubuntu.yml,0.22,0.34,0.04,0.38
facebook_infer__deploy.yml,0.21,0.32,0.05,0.37
facebook_infer__devsetup.yml,0.23,0.38,0.02,0.4
facebook_infer__install.yml,0.22,0.33,0.06,0.39
facebook_mcrouter__build.yml,0.22,0.34,0.05,0.39
facebook_proxygen__TagIt.yml,0.22,0.36,0.04,0.4
facebook_proxygen__close_stale.yml,0.22,0.35,0.04,0.39
facebook_proxygen__getdeps_linux.yml,0.22,0.35,0.04,0.39
facebook_proxygen__getdeps_mac.yml,0.26,0.4,0.02,0.42
facebook_proxygen__publish_mvfst_interop.yml,0.24,0.35,0.08,0.43
facebook_react-native__analyze-pr.yml,0.21,0.36,0.02,0.38
facebook_react-native__api-changes.yml,0.22,0.36,0.02,0.38
facebook_react-native__autorebase.yml,0.21,0.34,0.04,0.38
facebook_react-native__bump-podfile-lock.yml,0.21,0.39,0.01,0.4
facebook_react-native__cache-reaper.yml,0.21,0.38,0.01,0.39
facebook_react-native__check-for-reproducer.yml,0.25,0.4,0.03,0.43
facebook_react-native__close-pr.yml,0.23,0.38,0.04,0.42
facebook_react-native__create-draft-release.yml,0.24,0.41,0.02,0.43
facebook_react-native__create-release.yml,0.22,0.37,0.03,0.4
facebook_react-native__generate-changelog.yml,0.21,0.38,0.02,0.4
facebook_react-native__monitor-new-issues.yml,0.22,0.35,0.03,0.38
facebook_react-native__needs-attention.yml,0.22,0.33,0.06,0.39
facebook_react-native__nightly.yml,0.25,0.43,0.01,0.44
facebook_react-native__on-issue-labeled.yml,0.22,0.38,0.02,0.4
facebook_react-native__prebuild-ios-core.yml,0.24,0.29,0.12,0.41
facebook_react-native__prebuild-ios-dependencies.yml,0.21,0.31,0.06,0.37
facebook_react-native__publish-bumped-packages.yml,0.24,0.36,0.05,0.41
facebook_react-native__publish-release.yml,0.22,0.35,0.05,0.4
facebook_react-native__retry-workflow.yml,0.21,0.31,0.06,0.37
facebook_react-native__stale-bot.yml,0.22,0.37,0.01,0.38
facebook_react-native__test-all.yml,0.21,0.36,0.04,0.4
facebook_react-native__test-hermes-v1-android.yml,0.22,0.36,0.02,0.38
facebook_react-native__test-hermes-v1-ios.yml,0.21,0.35,0.03,0.38
facebook_react-native__test-hermes-v1.yml,0.21,0.36,0.03,0.39
facebook_react-native__validate-dotslash-artifacts.yml,0.21,0.37,0.03,0.4
facebook_react__compiler_discord_notify.yml,0.24,0.39,0.04,0.43
facebook_react__compiler_playground.yml,0.26,0.4,0.05,0.45
facebook_react__compiler_prereleases.yml,0.23,0.35,0.04,0.39
facebook_react__compiler_prereleases_manual.yml,0.22,0.34,0.03,0.37
facebook_react__compiler_prereleases_nightly.yml,0.22,0.37,0.02,0.39
facebook_react__compiler_typescript.yml,0.21,0.37,0.02,0.39
facebook_react__devtools_discord_notify.yml,0.22,0.38,0.01,0.39
facebook_react__devtools_regression_tests.yml,0.22,0.34,0.04,0.38
facebook_react__runtime_build_and_test.yml,0.22,0.37,0.01,0.38
facebook_react__runtime_commit_artifacts.yml,0.23,0.36,0.04,0.4
facebook_react__runtime_discord_notify.yml,0.22,0.39,0.01,0.4
facebook_react__runtime_eslint_plugin_e2e.yml,0.2,0.36,0.01,0.37
facebook_react__runtime_fuzz_tests.yml,0.21,0.36,0.03,0.39
facebook_react__runtime_prereleases.yml,0.21,0.34,0.04,0.38
facebook_react__runtime_prereleases_manual.yml,0.22,0.39,0.01,0.4
facebook_react__runtime_prereleases_nightly.yml,0.25,0.35,0.07,0.42
facebook_react__runtime_releases_from_npm_manual.yml,0.22,0.35,0.04,0.39
facebook_react__shared_check_maintainer.yml,0.21,0.37,0.01,0.38
facebook_react__shared_cleanup_merged_branch_caches.yml,0.22,0.36,0.03,0.39
facebook_react__shared_cleanup_stale_branch_caches.yml,0.23,0.36,0.05,0.41
facebook_react__shared_close_direct_sync_branch_prs.yml,0.21,0.29,0.1,0.39
facebook_react__shared_label_core_team_prs.yml,0.22,0.38,0.02,0.4
facebook_react__shared_lint.yml,0.23,0.41,0.01,0.42
facebook_react__shared_stale.yml,0.22,0.34,0.06,0.4
facebook_rocksdb__benchmark-linux.yml,0.21,0.31,0.07,0.38
facebook_rocksdb__nightly-candidate.yml,0.22,0.35,0.04,0.39
facebook_rocksdb__nightly.yml,0.21,0.29,0.09,0.38
facebook_rocksdb__pr-jobs-candidate.yml,0.28,0.44,0.02,0.46
facebook_rocksdb__pr-jobs.yml,0.24,0.4,0.01,0.41
facebook_rocksdb__weekly.yml,0.24,0.36,0.06,0.42
facebook_wangle__TagIt.yml,0.25,0.41,0.03,0.44
facebook_wangle__getdeps_linux.yml,0.21,0.33,0.06,0.39
facebook_wangle__getdeps_mac.yml,0.28,0.43,0.05,0.48
facebook_wangle__getdeps_windows.yml,0.22,0.39,0.01,0.4
facebook_watchman__getdeps_linux.yml,-1.39,0.4,0.03,0.43
facebook_watchman__getdeps_mac.yml,0.22,0.39,0.02,0.41
facebook_watchman__getdeps_windows.yml,0.23,0.39,0.01,0.4
facebook_watchman__package.yml,0.28,0.43,0.03,0.46
facebook_watchman__release.yml,0.21,0.37,0.04,0.41
facebook_yoga__publish-android-release.yml,0.21,0.35,0.01,0.36
facebook_yoga__publish-android-snashot.yml,0.28,0.44,0.02,0.46
facebook_yoga__publish-npm-release.yml,0.22,0.33,0.07,0.4
facebook_yoga__validate-android.yml,0.22,0.38,0.02,0.4
facebook_yoga__validate-cpp.yml,0.24,0.39,0.03,0.42
facebook_yoga__validate-js.yml,0.29,0.45,0.04,0.49
facebook_yoga__validate-swiftpm.yml,0.24,0.4,0.01,0.41
facebook_yoga__validate-tests.yml,0.27,0.38,0.08,0.46
facebook_yoga__validate-website.yml,0.23,0.37,0.04,0.41
facebook_zstd__android-ndk-build.yml,0.21,0.34,0.04,0.38
facebook_zstd__cmake-tests.yml,0.22,0.38,0.02,0.4
facebook_zstd__commit.yml,0.21,0.37,0.03,0.4
facebook_zstd__dev-long-tests.yml,0.22,0.34,0.05,0.39
facebook_zstd__dev-short-tests.yml,0.21,0.35,0.03,0.38
facebook_zstd__nightly.yml,0.23,0.42,0.01,0.43
facebook_zstd__publish-release-artifacts.yml,0.21,0.37,0.01,0.38
facebook_zstd__release_check.yml,0.25,0.43,0.0,0.43
facebook_zstd__scorecards.yml,0.21,0.36,0.04,0.4
facebook_zstd__windows-artifacts.yml,0.22,0.4,0.02,0.42
facebookincubator_AITemplate__docs.yaml,0.23,0.39,0.01,0.4
facebookincubator_AITemplate__pages.yaml,0.21,0.33,0.04,0.37
facebookincubator_AITemplate__pylint.yaml,0.22,0.33,0.07,0.4
facebookincubator_AITemplate__rocm_ci.yml,0.21,0.35,0.03,0.38
facebookincubator_below__ci.yml,0.24,0.41,0.01,0.42
facebookincubator_below__dockerhub.yml,0.21,0.33,0.05,0.38
facebookincubator_cinder__add-issue-header.yml,0.21,0.3,0.1,0.4
facebookincubator_cinder__build.yml,0.22,0.4,0.03,0.43
facebookincubator_cinder__documentation-links.yml,0.23,0.36,0.03,0.39
facebookincubator_cinder__jit.yml,0.22,0.39,0.02,0.41
facebookincubator_cinder__lint.yml,0.23,0.33,0.07,0.4
facebookincubator_cinder__mypy.yml,0.24,0.43,0.02,0.45
facebookincubator_cinder__new-bugs-announce-notifier.yml,0.22,0.33,0.04,0.37
facebookincubator_cinder__project-updater.yml,0.24,0.39,0.03,0.42
facebookincubator_cinder__require-pr-label.yml,0.21,0.33,0.05,0.38
facebookincubator_cinder__reusable-cifuzz.yml,0.22,0.37,0.03,0.4
facebookincubator_cinder__reusable-context.yml,0.22,0.36,0.04,0.4
facebookincubator_cinder__reusable-docs.yml,0.22,0.4,0.0,0.4
facebookincubator_cinder__reusable-macos.yml,0.22,0.35,0.05,0.4
facebookincubator_cinder__reusable-san.yml,0.21,0.36,0.03,0.39
facebookincubator_cinder__reusable-ubuntu.yml,0.21,0.36,0.02,0.38
facebookincubator_cinder__reusable-wasi.yml,0.22,0.37,0.03,0.4
facebookincubator_cinder__reusable-windows-msi.yml,0.22,0.34,0.03,0.37
facebookincubator_cinder__reusable-windows.yml,0.24,0.4,0.01,0.41
facebookincubator_cinder__stale.yml,0.23,0.38,0.04,0.42
facebookincubator_cinder__tail-call.yml,0.23,0.34,0.08,0.42
facebookincubator_cinder__verify-ensurepip-wheels.yml,0.21,0.38,0.02,0.4
facebookincubator_katran__getdeps_linux.yml,0.21,0.34,0.03,0.37
facebookincubator_katran__stale.yml,0.22,0.36,0.03,0.39
facebookincubator_oomd__ci.yml,0.22,0.4,0.0,0.4
facebookincubator_velox__benchmark.yml,0.23,0.36,0.03,0.39
facebookincubator_velox__breeze.yml,0.23,0.39,0.02,0.41
facebookincubator_velox__build-metrics.yml,0.25,0.35,0.08,0.43
facebookincubator_velox__build_pyvelox.yml,0.23,0.37,0.03,0.4
facebookincubator_velox__docker.yml,0.23,0.35,0.04,0.39
facebookincubator_velox__docs.yml,0.22,0.39,0.02,0.41
facebookincubator_velox__linux-build-base.yml,0.22,0.36,0.01,0.37
facebookincubator_velox__linux-build.yml,0.22,0.38,0.01,0.39
facebookincubator_velox__macos.yml,0.26,0.43,0.03,0.46
facebookincubator_velox__preliminary_checks.yml,0.22,0.38,0.0,0.38
facebookincubator_velox__scheduled.yml,0.25,0.41,0.02,0.43
facebookincubator_velox__tag.yml,0.22,0.33,0.05,0.38
facebookresearch_fairseq__build.yml,0.22,0.36,0.02,0.38
facebookresearch_fairseq__depreview.yml,0.23,0.37,0.03,0.4
facebookresearch_fairseq__release.yml,0.22,0.35,0.04,0.39
facebookresearch_faiss__autoclose.yml,0.21,0.35,0.03,0.38
facebookresearch_faiss__build-pull-request.yml,0.22,0.34,0.04,0.38
facebookresearch_faiss__build-release.yml,0.22,0.35,0.04,0.39
facebookresearch_faiss__build.yml,0.22,0.37,0.03,0.4
facebookresearch_faiss__index-io-backward-compatibility.yml,0.26,0.44,0.0,0.44
facebookresearch_faiss__nightly.yml,0.23,0.4,0.02,0.42
facebookresearch_faiss__publish-docs.yml,0.22,0.36,0.04,0.4
facebookresearch_faiss__retry_build.yml,0.23,0.33,0.07,0.4
facebookresearch_faiss__update-doxygen.yml,0.21,0.32,0.07,0.39
facebookresearch_mmf__cpu_test.yaml,0.22,0.37,0.04,0.41
facebookresearch_mmf__deploy_website.yaml,0.21,0.37,0.01,0.38
facebookresearch_mmf__linter_test.yaml,0.22,0.38,0.02,0.4
facebookresearch_nevergrad__every_commit.yml,0.21,0.35,0.03,0.38
facebookresearch_nevergrad__main.yml,0.23,0.39,0.04,0.43
facebookresearch_nevergrad__version.yml,0.22,0.38,0.03,0.41
microsoft_TypeScript__accept-baselines-fix-lints.yaml,0.21,0.35,0.03,0.38
microsoft_TypeScript__ci.yml,0.22,0.4,0.03,0.43
microsoft_TypeScript__close-issues.yml,0.22,0.36,0.03,0.39
microsoft_TypeScript__codeql.yml,0.21,0.35,0.04,0.39
microsoft_TypeScript__copilot-setup-steps.yml,0.22,0.33,0.07,0.4
microsoft_TypeScript__create-cherry-pick-pr.yml,0.22,0.36,0.03,0.39
microsoft_TypeScript__insiders.yaml,0.23,0.38,0.04,0.42
microsoft_TypeScript__lkg.yml,0.23,0.4,0.02,0.42
microsoft_TypeScript__new-release-branch.yaml,0.23,0.39,0.0,0.39
microsoft_TypeScript__nightly.yaml,0.22,0.34,0.08,0.42
microsoft_TypeScript__pr-modified-files.yml,0.21,0.37,0.02,0.39
microsoft_TypeScript__release-branch-artifact.yaml,0.21,0.34,0.04,0.38
microsoft_TypeScript__scorecard.yml,0.21,0.35,0.03,0.38
microsoft_TypeScript__set-version.yaml,0.21,0.36,0.03,0.39
microsoft_TypeScript__sync-branch.yaml,0.21,0.34,0.06,0.4
microsoft_TypeScript__sync-wiki.yml,0.22,0.4,0.02,0.42
microsoft_TypeScript__twoslash-repros.yaml,0.22,0.38,0.02,0.4
microsoft_TypeScript__update-package-lock.yaml,0.23,0.36,0.03,0.39
oracle_docker-images__build-and-push-dev-images.yml,0.21,0.36,0.02,0.38
oracle_docker-images__build-and-push-instantclient-images.yml,0.22,0.34,0.05,0.39
oracle_docker-images__build-and-push-nosql-image.yml,0.23,0.35,0.07,0.42
oracle_docker-images__build-and-push-nosql-sec-image.yml,0.22,0.34,0.06,0.4
oracle_docker-images__build-and-push-oci-cli-image.yml,0.21,0.35,0.04,0.39
oracle_docker-images__super-linter.yml,0.22,0.34,0.06,0.4
oracle_graal__cdt-inspect.yml,0.21,0.35,0.02,0.37
oracle_graal__main.yml,0.22,0.34,0.04,0.38
oracle_graal__micronaut-future-defaults.yml,0.24,0.38,0.04,0.42
oracle_graal__micronaut-template.yml,0.21,0.37,0.01,0.38
oracle_graal__micronaut.yml,0.22,0.34,0.04,0.38
oracle_graal__ni-layers.yml,0.21,0.35,0.03,0.38
oracle_graal__quarkus-future-defaults.yml,0.22,0.4,0.01,0.41
oracle_graal__quarkus-template.yml,0.21,0.35,0.03,0.38
oracle_graal__quarkus.yml,0.21,0.33,0.03,0.36
oracle_graal__reachability-metadata-future-defaults.yml,0.2,0.32,0.05,0.37
oracle_graal__reachability-metadata-template.yml,0.22,0.32,0.07,0.39
oracle_graal__reachability-metadata.yml,0.26,0.4,0.03,0.43
oracle_graal__spring-future-defaults.yml,0.22,0.35,0.04,0.39
oracle_graal__spring-template.yml,0.22,0.36,0.04,0.4
oracle_graal__spring.yml,0.22,0.37,0.03,0.4
oracle_opengrok__apiary.yml,0.21,0.34,0.06,0.4
oracle_opengrok__build.yml,0.22,0.38,0.02,0.4
oracle_opengrok__codeql-analysis.yml,0.21,0.35,0.02,0.37
oracle_opengrok__docker.yml,0.22,0.35,0.03,0.38
oracle_opengrok__javadoc.yml,0.21,0.37,0.01,0.38
oracle_opengrok__release.yml,0.21,0.32,0.05,0.37
